speed_kph,command_kind,command_percent,status,valid_trial_count,attempted_trial_count,median_acceleration_mps2,median_simulator_acceleration_mps2,acceleration_source,median_stddev_mps2,median_mad_mps2,median_velocity_derived_acceleration_mps2,median_cross_check_disagreement_mps2,median_peak_abs_jerk_mps3,median_mean_deceleration_mps2,mean_deceleration_repeatability_mad_mps2,median_peak_deceleration_mps2,median_p95_deceleration_mps2,median_command_echo_delay_sec,median_deceleration_onset_delay_sec,median_initial_speed_mps,median_final_speed_mps,median_speed_drop_mps,median_distance_travelled_m,median_measurement_duration_sec,median_sample_rate_hz,median_mean_brake_echo_error,quality_flags,coast_baseline_deceleration_mps2,coast_normalized_brake_deceleration_mps2
0,brake,0,complete,3,3,0.0,0.0,simulator_field,0.0,0.0,1.1014734052121033e-06,1.1014734052121033e-06,0.0,0.0,0.0,0.0,0.0,,,3.990593540947884e-06,5.545958629227243e-06,-1.555365088279359e-06,0.0,1.3402546549914405,48.39587938401148,0.0,['stationary_command_check'],0.0,0.0
0,brake,10,complete,3,3,0.0,0.0,simulator_field,0.0,0.0,-5.552955835710499e-07,5.552955835710499e-07,0.0,0.0,0.0,0.0,0.0,0.03422508199582808,,1.2021148450003238e-06,6.415095299416862e-08,1.1379638920061552e-06,0.0,0.2402292939950712,50.46975666550089,1.4901161138336505e-09,['stationary_command_check'],0.0,0.0
0,brake,20,complete,3,3,0.0,0.0,simulator_field,0.0,0.0,-7.868563907494809e-07,7.868563907494809e-07,0.0,0.0,0.0,0.0,0.0,0.04047105001518503,,1.1009866511813016e-06,1.9131064732391678e-08,1.0940465520192788e-06,0.0,0.23219601399614476,50.921310004606504,2.980232227667301e-09,['stationary_command_check'],0.0,0.0
0,brake,30,complete,3,3,0.0,0.0,simulator_field,0.0,0.0,-8.256778656347521e-07,8.256778656347521e-07,0.0,0.0,0.0,0.0,0.0,0.05400776999886148,,1.1272644542259513e-06,2.7450006712115282e-08,1.1073437438113842e-06,0.0,0.29996876599034294,49.97584813370825,1.1920928966180355e-08,['stationary_command_check'],0.0,0.0
0,brake,40,complete,3,3,0.0,0.0,simulator_field,0.0,0.0,-1.0819596516954797e-06,1.0819596516954797e-06,0.0,0.0,0.0,0.0,0.0,0.04214674999821,,1.1974512972301454e-06,5.08581301517097e-08,1.15550723833735e-06,0.0,0.2561521870084107,50.75107947281804,5.960464455334602e-09,['stationary_command_check'],0.0,0.0
0,brake,50,complete,3,3,0.0,0.0,simulator_field,0.0,0.0,-7.346429098467548e-07,7.346429098467548e-07,0.0,0.0,0.0,0.0,0.0,0.04393204100779258,,1.1593970157264266e-06,2.542622290491181e-08,1.111861285707505e-06,0.0,0.28957963100401685,50.624091627073966,0.0,['stationary_command_check'],0.0,0.0
0,brake,60,complete,3,3,0.0,0.0,simulator_field,0.0,0.0,-9.674082006141069e-07,9.674082006141069e-07,0.0,0.0,0.0,0.0,0.0,0.05067634201259352,,1.1835243185487343e-06,3.334894316253667e-08,1.1315318886317982e-06,0.0,0.25854189199162647,49.9687657770676,2.384185793236071e-08,['stationary_command_check'],0.0,0.0
0,brake,70,complete,3,3,0.0,0.0,simulator_field,0.0,0.0,-4.758921041958035e-07,4.758921041958035e-07,0.0,0.0,0.0,0.0,0.0,0.029972056014230475,,1.1570371043490013e-06,4.264976638523876e-08,1.0758465371907278e-06,0.0,0.28591849500662647,48.15688712530917,1.1920928910669204e-08,['stationary_command_check'],0.0,0.0
0,brake,80,complete,3,3,0.0,0.0,simulator_field,0.0,0.0,-3.7740257584738087e-07,3.7740257584738087e-07,0.0,0.0,0.0,0.0,0.0,0.034141118987463415,,1.182548430733732e-06,5.5348408523059334e-08,1.1493265361650629e-06,0.0,0.29799228298361413,49.95259066352758,1.1920928910669204e-08,['stationary_command_check'],0.0,0.0
0,brake,90,complete,3,3,0.0,0.0,simulator_field,0.0,0.0,-4.491896280724302e-07,4.491896280724302e-07,0.0,0.0,0.0,0.0,0.0,0.03826562999165617,,1.1359885547790327e-06,4.171021927845686e-08,1.090855800356394e-06,0.0,0.2402659959916491,50.452146460541414,2.384185793236071e-08,['stationary_command_check'],0.0,0.0
0,brake,100,complete,3,3,0.0,0.0,simulator_field,0.0,0.0,-2.547216174017071e-07,2.547216174017071e-07,0.0,0.0,0.0,0.0,0.0,0.029974275006679818,,1.1593849649216281e-06,3.7096000937708595e-08,1.112415397130917e-06,0.0,0.29803078999975696,47.504814073034595,0.0,['stationary_command_check'],0.0,0.0
5,brake,0,complete,3,3,0.0,0.0,simulator_field,0.0,0.0,-0.040676145600683,0.040676145600683,0.0,0.0,0.0,0.0,0.0,,,1.3585212230682373,1.303044319152832,0.0558091402053833,0.0,1.356095789000392,49.26084508669158,0.0,[],0.0,0.0
5,brake,10,complete,3,3,-1.8530579372234532,0.0,velocity_derived,0.0,0.0,-1.8530579372234532,1.8530579372234532,0.0,1.8530579372234532,0.01654351501335194,2.9083957667314455,2.867340677549914,0.03202935599256307,0.062124741001753137,1.3510481119155884,0.23044148087501526,1.1201938390731812,0.0,0.4015572349890135,49.217574619434544,1.4901161138336505e-09,['simulator_acceleration_field_stuck'],0.0,1.8530579372234532
5,brake,20,complete,3,3,-3.670262248538306,0.0,velocity_derived,0.0,0.0,-3.670262248538306,3.670262248538306,0.0,3.670262248538306,0.08460672889771059,5.734430401719297,5.502733094966439,0.03620621300069615,0.0719812260067556,1.3492158651351929,0.23471775650978088,1.1144447773694992,0.0,0.16764660700573586,47.71942685202265,2.980232227667301e-09,['simulator_acceleration_field_stuck'],0.0,3.670262248538306
5,brake,30,complete,3,3,-5.580892395656534,0.0,velocity_derived,0.0,0.0,-5.580892395656534,5.580892395656534,0.0,5.580892395656534,0.24025632717783996,7.870399773131281,7.2466795062689195,0.0381451369903516,0.06610774400178343,1.3504652976989746,0.022366048768162727,1.326474068686366,0.0,0.09435209698858671,48.62325088489631,1.1920928966180355e-08,['simulator_acceleration_field_stuck'],0.0,5.580892395656534
5,brake,40,attempt_limit,7,7,-6.3144142669667565,0.0,velocity_derived,0.0,0.0,-6.3144142669667565,6.3144142669667565,0.0,6.3144142669667565,0.6074030619939013,7.198146881934145,7.0765590034931245,0.044164153980091214,0.07013156500761397,1.350395917892456,0.024148060008883476,1.324465798214078,0.0,0.06990978398243897,55.62838779577656,5.960464455334602e-09,"['short_measurement_window', 'simulator_acceleration_field_stuck']",0.0,6.3144142669667565
5,brake,50,complete,3,3,-6.716818114186637,0.0,velocity_derived,0.0,0.0,-6.716818114186637,6.716818114186637,0.0,6.716818114186637,0.10772175039174314,6.716818114186637,6.716818114186637,0.03194918800727464,0.08427763701183721,1.3527722358703613,0.04525425657629967,1.3075179792940617,0.0,0.026117071975022554,38.28913137569038,0.0,"['short_measurement_window', 'simulator_acceleration_field_stuck']",0.0,6.716818114186637
5,brake,60,complete,4,4,-7.358842612317574,0.0,velocity_derived,0.0,0.0,-7.358842612317574,7.358842612317574,0.0,7.358842612317574,0.49886322953538764,8.76167107670771,8.532569924704433,0.04514768399531022,0.0721541944949422,1.3503462672233582,0.04704634100198746,1.3043748512864113,0.0,0.049185589494300075,58.97071519318348,2.384185793236071e-08,"['short_measurement_window', 'simulator_acceleration_field_stuck']",0.0,7.358842612317574
5,brake,70,attempt_limit,7,7,-7.613661384933975,0.0,velocity_derived,0.0,0.0,-7.613661384933975,7.613661384933975,0.0,7.613661384933975,0.5822994162843136,8.777330400326013,8.672614286527157,0.04212263200315647,0.07205187599174678,1.3507678508758545,0.04662971571087837,1.3037753328680992,0.0,0.05012758000520989,55.315761729251236,1.1920928910669204e-08,"['short_measurement_window', 'simulator_acceleration_field_stuck']",0.0,7.613661384933975
5,brake,80,attempt_limit,6,7,-8.122431960414483,0.0,velocity_derived,0.0,0.0,-8.122431960414483,8.122431960414483,0.0,8.122431960414483,1.5685858187268118,10.048474750359969,9.78645416665605,0.042249076504958794,0.06808056250156369,1.3505946397781372,0.04674522578716278,1.3042776733636856,0.0,0.04636769699573051,62.437099215685436,1.1920928910669204e-08,"['insufficient_samples', 'short_measurement_window', 'simulator_acceleration_field_stuck']",0.0,8.122431960414483
5,brake,90,complete,3,4,-7.430473566591264,0.0,velocity_derived,0.0,0.0,-7.430473566591264,7.430473566591264,0.0,7.430473566591264,0.160666946236673,8.764820256987132,8.656799134494008,0.030150874983519316,0.06022696598665789,1.3510637283325195,0.046942856162786484,1.3033046275377274,0.0,0.04778554101358168,41.85366446791001,2.384185793236071e-08,"['insufficient_samples', 'short_measurement_window', 'simulator_acceleration_field_stuck']",0.0,7.430473566591264
5,brake,100,attempt_limit,6,7,-9.647646884933883,0.0,velocity_derived,0.0,0.0,-9.647646884933883,9.647646884933883,0.0,9.647646884933883,2.3032468028127804,10.4991939705371,10.344555855827661,0.03900274900661316,0.06914975000836421,1.3514354228973389,0.03797660768032074,1.3129778057336807,0.0,0.04938447498716414,54.47740154713978,0.0,"['insufficient_samples', 'short_measurement_window', 'simulator_acceleration_field_stuck']",0.0,9.647646884933883
10,brake,0,complete,3,3,-0.12399180751076946,0.0,velocity_derived,0.0,0.0,-0.12399180751076946,0.12399180751076946,0.0,0.12399180751076946,8.789796643371428e-06,0.225415663066744,0.20460638558675193,,,2.730715751647949,2.556699275970459,0.17322874069213867,0.0,1.3398338929982856,48.75012721291072,0.0,['simulator_acceleration_field_stuck'],0.12399180751076946,0.0
10,brake,10,complete,3,3,-1.9065403423442078,0.0,velocity_derived,0.0,0.0,-1.9065403423442078,1.9065403423442078,0.0,1.9065403423442078,0.0016414212765694103,3.1965414995322003,2.9629777975260074,0.04048959200736135,0.06413509100093506,2.7301926612854004,0.22108541429042816,2.5091072469949722,0.0,1.1242107010039035,47.07205160162061,1.4901161138336505e-09,['simulator_acceleration_field_stuck'],0.12399180751076946,1.7825485348334382
10,brake,20,complete,3,3,-3.741231442225125,0.0,velocity_derived,0.0,0.0,-3.741231442225125,3.741231442225125,0.0,3.741231442225125,0.01349326614860935,6.190829940905739,5.767984305077827,0.04030721102026291,0.0640559489838779,2.73014497756958,0.2529369294643402,2.4752138257026672,0.0,0.5495515629881993,47.79402970071473,2.980232227667301e-09,['simulator_acceleration_field_stuck'],0.12399180751076946,3.6172396347143554
10,brake,30,complete,3,3,-5.667288725398738,0.0,velocity_derived,0.0,0.0,-5.667288725398738,5.667288725398738,0.0,5.667288725398738,0.07669005475301027,9.238111351896569,8.83223057200713,0.04208681499585509,0.07812524601467885,2.7315969467163086,0.1659955531358719,2.5650913268327713,0.0,0.3317976050020661,48.22216845085536,1.1920928966180355e-08,['simulator_acceleration_field_stuck'],0.12399180751076946,5.543296917887968
10,brake,40,complete,3,3,-7.31295702522222,0.0,velocity_derived,0.0,0.0,-7.31295702522222,7.31295702522222,0.0,7.31295702522222,0.04032378380164925,10.48146463205879,10.392930244939203,0.051938466989668086,0.06809912598691881,2.7319164276123047,0.2378336638212204,2.4934653490781784,0.0,0.262150399008533,50.39088207305662,5.960464455334602e-09,['simulator_acceleration_field_stuck'],0.12399180751076946,7.18896521771145
10,brake,50,complete,3,3,-8.710427997800078,0.0,velocity_derived,0.0,0.0,-8.710427997800078,8.710427997800078,0.0,8.710427997800078,0.24966550218979755,14.02964415035863,12.626545499668245,0.028258876001928,0.028258876001928,2.7307777404785156,0.006074707023799419,2.723160465247929,0.0,0.22818891998031177,48.20567098941125,0.0,['simulator_acceleration_field_stuck'],0.12399180751076946,8.586436190289309
10,brake,60,complete,3,3,-9.637612535694352,0.0,velocity_derived,0.0,0.0,-9.637612535694352,9.637612535694352,0.0,9.637612535694352,0.09708121256946889,15.658650130672433,15.156280921040771,0.04411489801714197,0.058251246984582394,2.733494997024536,0.03257429227232933,2.700920704752207,0.0,0.20621482099522837,48.49311970758586,2.384185793236071e-08,['simulator_acceleration_field_stuck'],0.12399180751076946,9.513620728183582
10,brake,70,complete,3,3,-9.76706593544372,0.0,velocity_derived,0.0,0.0,-9.76706593544372,9.76706593544372,0.0,9.76706593544372,0.04990100205244552,16.146861564202148,14.07994966136308,0.030180121975718066,0.05822967499261722,2.730609655380249,0.037002306431531906,2.6929815001785755,0.0,0.19776182298664935,50.565876916876356,1.1920928910669204e-08,['simulator_acceleration_field_stuck'],0.12399180751076946,9.64307412793295
10,brake,80,complete,3,3,-9.804877431341117,0.0,velocity_derived,0.0,0.0,-9.804877431341117,9.804877431341117,0.0,9.804877431341117,0.310726495824051,14.914433937805775,14.68054170937707,0.042137515993090346,0.06584537701564841,2.7316396236419678,0.05865534022450447,2.672889143228531,0.0,0.18820797998341732,47.819438903669095,1.1920928910669204e-08,['simulator_acceleration_field_stuck'],0.12399180751076946,9.680885623830347
10,brake,90,complete,3,3,-9.840818444927455,0.0,velocity_derived,0.0,0.0,-9.840818444927455,9.840818444927455,0.0,9.840818444927455,0.16297824993245058,16.35462930089152,14.994895928266253,0.03595088399015367,0.062124124000547454,2.731496810913086,0.05063053220510483,2.6816154792904854,0.0,0.19564632698893547,50.97592031795629,2.384185793236071e-08,['simulator_acceleration_field_stuck'],0.12399180751076946,9.716826637416686
10,brake,100,complete,3,3,-10.18763766556932,0.0,velocity_derived,0.0,0.0,-10.18763766556932,10.18763766556932,0.0,10.18763766556932,0.08577158803182705,19.14184611441238,16.75725155303015,0.04008104099193588,0.08005878402036615,2.73299503326416,0.04584118351340294,2.6871698163449764,0.0,0.19811738398857415,48.51553641111511,0.0,['simulator_acceleration_field_stuck'],0.12399180751076946,10.06364585805855
15,brake,0,complete,3,3,-0.23163555478395903,0.0,velocity_derived,0.0,0.0,-0.23163555478395903,0.23163555478395903,0.0,0.23163555478395903,0.00035633184109609695,0.3769230847905481,0.3523704706279375,,,4.112053871154785,3.7853646278381348,0.32546186447143555,0.0,1.3540999529941473,48.00236485960571,0.0,['simulator_acceleration_field_stuck'],0.23163555478395903,0.0
15,brake,10,complete,3,3,-1.9798529984823892,0.0,velocity_derived,0.0,0.0,-1.9798529984823892,1.9798529984823892,0.0,1.9798529984823892,0.0008526662524899198,3.8140703220884333,3.0133928104396492,0.050304503994993865,0.07798710899078287,4.110703945159912,1.3755097389221191,2.734222888946533,0.0,1.3460264750174247,48.5241683361235,1.4901161138336505e-09,['simulator_acceleration_field_stuck'],0.23163555478395903,1.7482174436984301
15,brake,20,complete,3,3,-3.8185395677959204,0.0,velocity_derived,0.0,0.0,-3.8185395677959204,3.8185395677959204,0.0,3.8185395677959204,0.015672494495511113,6.294015612969938,5.631078731922107,0.04214527001022361,0.08410027300124057,4.113668441772461,1.5121771097183228,2.6014941930770874,0.0,0.6524563760031015,46.99301160788592,2.980232227667301e-09,['simulator_acceleration_field_stuck'],0.23163555478395903,3.5869040130119614
15,brake,30,complete,3,3,-5.636131148893309,0.0,velocity_derived,0.0,0.0,-5.636131148893309,5.636131148893309,0.0,5.636131148893309,0.021448934510647888,8.787438916964353,8.025875318863745,0.03805853900848888,0.06397773799835704,4.113193035125732,1.5396615266799927,2.5735315084457397,0.0,0.4163805140124168,48.03298744043431,1.1920928966180355e-08,['simulator_acceleration_field_stuck'],0.23163555478395903,5.40449559410935
15,brake,40,complete,3,3,-7.373637598881364,0.0,velocity_derived,0.0,0.0,-7.373637598881364,7.373637598881364,0.0,7.373637598881364,0.09510697405745372,11.5371602461367,11.139802671074953,0.048188681015744805,0.07012525902246125,4.112926959991455,1.4808814525604248,2.6320455074310303,0.0,0.31812811497366056,47.15081532872983,5.960464455334602e-09,['simulator_acceleration_field_stuck'],0.23163555478395903,7.142002044097405
15,brake,50,complete,3,3,-8.844996565641733,0.0,velocity_derived,0.0,0.0,-8.844996565641733,8.844996565641733,0.0,8.844996565641733,0.03943041481066878,15.954099888546883,14.173005719694377,0.05195266197551973,0.05395695200422779,4.111164093017578,1.0966651439666748,3.0144989490509033,0.0,0.2938613010046538,47.6415232360871,0.0,['simulator_acceleration_field_stuck'],0.23163555478395903,8.613361010857773
15,brake,60,complete,3,3,-9.55481306312036,0.0,velocity_derived,0.0,0.0,-9.55481306312036,9.55481306312036,0.0,9.55481306312036,0.06266708647872754,14.61719235037814,13.772901931439279,0.039852019981481135,0.039852019981481135,4.11065149307251,0.8680774569511414,3.242251694202423,0.0,0.30245019600261003,49.594942235946036,2.384185793236071e-08,['simulator_acceleration_field_stuck'],0.23163555478395903,9.3231775083364
15,brake,70,complete,3,3,-9.928949845138463,0.0,velocity_derived,0.0,0.0,-9.928949845138463,9.928949845138463,0.0,9.928949845138463,0.015161032796456198,17.148539881698664,16.539676589611496,0.04020719401887618,0.0620866890239995,4.110804080963135,1.1664661169052124,2.9443379640579224,0.0,0.27221482098684646,50.59969121229682,1.1920928910669204e-08,['simulator_acceleration_field_stuck'],0.23163555478395903,9.697314290354505
15,brake,80,complete,3,3,-9.793518273624477,0.0,velocity_derived,0.0,0.0,-9.793518273624477,9.793518273624477,0.0,9.793518273624477,0.14348912893518673,15.869102977659363,15.246080697136605,0.04238240601262078,0.0723686010169331,4.113075256347656,1.1411230564117432,2.971952199935913,0.0,0.26386677200207487,47.272507128119955,1.1920928910669204e-08,['simulator_acceleration_field_stuck'],0.23163555478395903,9.561882718840518
15,brake,90,complete,3,3,-9.868641579666585,0.0,velocity_derived,0.0,0.0,-9.868641579666585,9.868641579666585,0.0,9.868641579666585,0.19771076391671727,15.646608999529148,15.244896001742141,0.048047903983388096,0.07012513000518084,4.113457679748535,1.1518851518630981,2.962640643119812,0.0,0.27615111399791203,47.400425008607485,2.384185793236071e-08,['simulator_acceleration_field_stuck'],0.23163555478395903,9.637006024882627
15,brake,100,complete,3,3,-10.071927432545,0.0,velocity_derived,0.0,0.0,-10.071927432545,10.071927432545,0.0,10.071927432545,0.0401490001067728,16.439589007093513,14.825094788916232,0.04626292100874707,0.0719932859938126,4.110748291015625,0.6795698404312134,3.4311784505844116,0.0,0.2880878990108613,47.89685516804093,0.0,['simulator_acceleration_field_stuck'],0.23163555478395903,9.84029187776104
20,brake,0,complete,3,3,-0.34985268237997114,0.0,velocity_derived,0.0,0.0,-0.34985268237997114,0.34985268237997114,0.0,0.34985268237997114,0.0003061840107185243,0.6583553065035964,0.569263487962937,,,5.49185848236084,5.008162975311279,0.48369550704956055,0.0,1.3262340490182396,48.406721978209916,0.0,['simulator_acceleration_field_stuck'],0.34985268237997114,0.0
20,brake,10,complete,3,3,-2.0857739166995675,0.0,velocity_derived,0.0,0.0,-2.0857739166995675,2.0857739166995675,0.0,2.0857739166995675,0.0019313362021344815,3.862959238885697,3.2035290783653596,0.0280030989961233,0.05633082799613476,5.494328498840332,2.5851800441741943,2.9097907543182373,0.0,1.3757985810225364,48.69898902657939,1.4901161138336505e-09,['simulator_acceleration_field_stuck'],0.34985268237997114,1.7359212343195964
20,brake,20,complete,3,3,-3.8144236908470934,0.0,velocity_derived,0.0,0.0,-3.8144236908470934,3.8144236908470934,0.0,3.8144236908470934,0.022138664821148346,7.7521206808608065,6.25550568607685,0.038280581997241825,0.0640710930165369,5.494337558746338,2.73213529586792,2.760885238647461,0.0,0.7120413589873351,48.6250773140017,2.980232227667301e-09,['simulator_acceleration_field_stuck'],0.34985268237997114,3.4645710084671224
20,brake,30,complete,3,3,-5.27952813139103,0.0,velocity_derived,0.0,0.0,-5.27952813139103,5.27952813139103,0.0,5.27952813139103,0.013567791072111923,8.639382001429306,7.929478188228138,0.040542432019719854,0.06608442901051603,5.492012023925781,2.89693284034729,2.5967447757720947,0.0,0.47415123399696313,48.50772992008561,1.1920928966180355e-08,['simulator_acceleration_field_stuck'],0.34985268237997114,4.929675449011058
20,brake,40,complete,3,3,-7.226143895308516,0.0,velocity_derived,0.0,0.0,-7.226143895308516,7.226143895308516,0.0,7.226143895308516,0.08809849202705156,14.285460939742412,12.182431914796819,0.042271808022633195,0.09421031799865887,5.4933366775512695,3.0492584705352783,2.4441864490509033,0.0,0.2960983170196414,47.281592617330965,5.960464455334602e-09,['simulator_acceleration_field_stuck'],0.34985268237997114,6.876291212928544
20,brake,50,complete,3,3,-8.720875286170129,0.0,velocity_derived,0.0,0.0,-8.720875286170129,8.720875286170129,0.0,8.720875286170129,0.015535949412123884,13.429975607405323,12.79191003746923,0.04011957300826907,0.06404724600724876,5.491324424743652,2.67984676361084,2.8114776611328125,0.0,0.29205168900080025,47.93671985907138,0.0,['simulator_acceleration_field_stuck'],0.34985268237997114,8.371022603790157
20,brake,60,complete,3,3,-9.552986093954809,0.0,velocity_derived,0.0,0.0,-9.552986093954809,9.552986093954809,0.0,9.552986093954809,0.046224929207534515,14.630598612581192,13.373951595697458,0.03414439901825972,0.05401247600093484,5.492707252502441,2.233889579772949,3.257699966430664,0.0,0.32222824401105754,46.4109699025646,2.384185793236071e-08,['simulator_acceleration_field_stuck'],0.34985268237997114,9.203133411574838
20,brake,70,complete,3,3,-9.755250597054719,0.0,velocity_derived,0.0,0.0,-9.755250597054719,9.755250597054719,0.0,9.755250597054719,0.1828136303527632,15.16141715925845,14.65614745438062,0.034044921019813046,0.058147425996139646,5.493349075317383,2.4002559185028076,3.093093156814575,0.0,0.28027162700891495,48.86051472509922,1.1920928910669204e-08,['simulator_acceleration_field_stuck'],0.34985268237997114,9.405397914674747
20,brake,80,complete,3,3,-9.55408200131498,0.0,velocity_derived,0.0,0.0,-9.55408200131498,9.55408200131498,0.0,9.55408200131498,0.03184651526798277,14.795727420088085,14.369591306011099,0.04198078898480162,0.04198078898480162,5.493354320526123,2.0985519886016846,3.3951003551483154,0.0,0.3500377260206733,48.56619368792259,1.1920928910669204e-08,['simulator_acceleration_field_stuck'],0.34985268237997114,9.204229318935008
20,brake,90,complete,3,3,-9.532766700254987,0.0,velocity_derived,0.0,0.0,-9.532766700254987,9.532766700254987,0.0,9.532766700254987,0.020843661075549136,15.800643291763176,15.140736871342664,0.043666317011229694,0.04428050000569783,5.491415023803711,2.2578303813934326,3.2355778217315674,0.0,0.30003597898758017,48.566339858355484,2.384185793236071e-08,['simulator_acceleration_field_stuck'],0.34985268237997114,9.182914017875015
20,brake,100,complete,3,3,-9.70229883801358,0.0,velocity_derived,0.0,0.0,-9.70229883801358,9.70229883801358,0.0,9.70229883801358,0.2219429272352098,16.779350521463222,15.442409149466753,0.04405575300916098,0.07226759000332095,5.493661403656006,2.262970447540283,3.2306549549102783,0.0,0.3177846960024908,46.89089436420764,0.0,['simulator_acceleration_field_stuck'],0.34985268237997114,9.352446155633608
25,brake,0,complete,3,3,-0.26571956123109164,0.0,velocity_derived,0.0,0.0,-0.26571956123109164,0.26571956123109164,0.0,0.26571956123109164,0.00017293602856593981,0.4873711901154233,0.3929715221541319,,,6.820113182067871,6.452971458435059,0.36658716201782227,0.0,1.3339483439922333,47.977869824000194,0.0,['simulator_acceleration_field_stuck'],0.26571956123109164,0.0
25,brake,10,complete,3,3,-1.6150559849862716,0.0,velocity_derived,0.0,0.0,-1.6150559849862716,1.6150559849862716,0.0,1.6150559849862716,0.011167182007242982,4.332164588201659,2.8840411632727356,0.04642046199296601,0.05047589700552635,6.820464611053467,4.55511999130249,2.265835762023926,0.0,1.3776408240082674,47.907987952891794,1.4901161138336505e-09,['simulator_acceleration_field_stuck'],0.26571956123109164,1.34933642375518
25,brake,20,complete,3,3,-2.3841045703924624,0.0,velocity_derived,0.0,0.0,-2.3841045703924624,2.3841045703924624,0.0,2.3841045703924624,0.0029354626498068193,4.597317624801702,3.4099406783455564,0.032282809988828376,0.06015210397890769,6.8204803466796875,5.004782676696777,1.8157143592834473,0.0,0.7138282399973832,49.031402848573634,2.980232227667301e-09,['simulator_acceleration_field_stuck'],0.26571956123109164,2.1183850091613707
25,brake,30,complete,3,3,-4.356493301064447,0.0,velocity_derived,0.0,0.0,-4.356493301064447,4.356493301064447,0.0,4.356493301064447,0.031612029832083444,7.178428172883323,6.838347514719295,0.046053964004386216,0.04839016200276092,6.820873737335205,4.604599952697754,2.216273784637451,0.0,0.48364148000837304,49.14237495254889,1.1920928966180355e-08,['simulator_acceleration_field_stuck'],0.26571956123109164,4.090773739833355
25,brake,40,complete,3,3,-6.933799651937598,0.0,velocity_derived,0.0,0.0,-6.933799651937598,6.933799651937598,0.0,6.933799651937598,0.03187347494694137,11.34400521843659,10.390174084126379,0.036071070993784815,0.0739055140002165,6.820723056793213,4.267819881439209,2.5535945892333984,0.0,0.3241298100037966,49.057545225791564,5.960464455334602e-09,['simulator_acceleration_field_stuck'],0.26571956123109164,6.668080090706506
25,brake,50,complete,3,3,-8.862302240870942,0.0,velocity_derived,0.0,0.0,-8.862302240870942,8.862302240870942,0.0,8.862302240870942,0.01790098664129225,14.094427881944647,12.95494932300399,0.04207023300114088,0.05019897301099263,6.820163249969482,3.8545918464660645,2.965571403503418,0.0,0.3237808250123635,49.200792172661075,0.0,['simulator_acceleration_field_stuck'],0.26571956123109164,8.596582679639852
25,brake,60,complete,3,3,-9.658400113214988,0.0,velocity_derived,0.0,0.0,-9.658400113214988,9.658400113214988,0.0,9.658400113214988,0.28043765192557757,14.67355718218253,14.608800456472238,0.04584939900087193,0.07011433699517511,6.820768356323242,3.5817041397094727,3.2396373748779297,0.0,0.28591110699926503,48.96626838647436,2.384185793236071e-08,['simulator_acceleration_field_stuck'],0.26571956123109164,9.392680551983897
25,brake,70,complete,3,3,-9.67828820144159,0.0,velocity_derived,0.0,0.0,-9.67828820144159,9.67828820144159,0.0,9.67828820144159,0.06489205781674379,15.265100692463651,14.816231827533798,0.050284872006159276,0.0760278299858328,6.821261882781982,3.5381152629852295,3.283146619796753,0.0,0.31199423599173315,48.07781128494134,1.1920928910669204e-08,['simulator_acceleration_field_stuck'],0.26571956123109164,9.412568640210498
25,brake,80,complete,3,3,-9.366788873473261,0.0,velocity_derived,0.0,0.0,-9.366788873473261,9.366788873473261,0.0,9.366788873473261,0.018121269667588535,13.492145202537534,13.389549499133324,0.03819889298756607,0.061970327980816364,6.820043563842773,3.5202407836914062,3.299802780151367,0.0,0.33020872200722806,48.45420164174152,1.1920928910669204e-08,['simulator_acceleration_field_stuck'],0.26571956123109164,9.10106931224217
25,brake,90,complete,3,3,-8.995488669627537,0.0,velocity_derived,0.0,0.0,-8.995488669627537,8.995488669627537,0.0,8.995488669627537,0.04626200124350355,12.985834758093775,12.810417014857496,0.04839586600428447,0.0642138329858426,6.8205647468566895,4.082424163818359,2.73814058303833,0.0,0.2680389450106304,48.759210653230305,2.384185793236071e-08,['simulator_acceleration_field_stuck'],0.26571956123109164,8.729769108396447
25,brake,100,complete,3,3,-9.098843487334273,0.0,velocity_derived,0.0,0.0,-9.098843487334273,9.098843487334273,0.0,9.098843487334273,0.1077393103746207,14.653933660569505,13.71441603115423,0.04611535300500691,0.07409270200878382,6.820779323577881,3.741384267807007,3.079024076461792,0.0,0.3022042730008252,46.32628076692275,0.0,['simulator_acceleration_field_stuck'],0.26571956123109164,8.83312392610318
30,brake,0,complete,3,3,-0.31619422579887074,0.0,velocity_derived,0.0,0.0,-0.31619422579887074,0.31619422579887074,0.0,0.31619422579887074,3.664468832809131e-05,0.6319953108271568,0.5257454585871967,,,8.198917388916016,7.755284786224365,0.44381046295166016,0.0,1.3543474790058099,48.79829092208669,0.0,['simulator_acceleration_field_stuck'],0.31619422579887074,0.0
30,brake,10,complete,3,3,-1.212114938738352,0.0,velocity_derived,0.0,0.0,-1.212114938738352,1.212114938738352,0.0,1.212114938738352,0.0017950321875632724,2.2116282078351492,1.9060089897936856,0.038362084014806896,0.07225871700211428,8.198479652404785,6.4996137619018555,1.6987409591674805,0.0,1.3697112950030714,48.252784671298556,1.4901161138336505e-09,['simulator_acceleration_field_stuck'],0.31619422579887074,0.8959207129394813
30,brake,20,complete,3,3,-2.1485942504259214,0.0,velocity_derived,0.0,0.0,-2.1485942504259214,2.1485942504259214,0.0,2.1485942504259214,0.011003225927196159,3.5483032264942405,3.397776903679458,0.04646288600633852,0.08000442699994892,8.198732376098633,6.646599769592285,1.551727294921875,0.0,0.6760221160075162,47.335729471377554,2.980232227667301e-09,['simulator_acceleration_field_stuck'],0.31619422579887074,1.8324000246270506
30,brake,30,complete,3,3,-4.5713641218577195,0.0,velocity_derived,0.0,0.0,-4.5713641218577195,4.5713641218577195,0.0,4.5713641218577195,0.00021918027089551373,7.637068040002134,6.610684809340012,0.044153805007226765,0.11407490202691406,8.199115753173828,6.222437381744385,1.9763073921203613,0.0,0.381949493981665,49.00037195572844,1.1920928966180355e-08,['simulator_acceleration_field_stuck'],0.31619422579887074,4.255169896058849
30,brake,40,complete,3,3,-7.2054071835197595,0.0,velocity_derived,0.0,0.0,-7.2054071835197595,7.2054071835197595,0.0,7.2054071835197595,0.05124606550474642,10.540391615207222,10.25546401372184,0.046144463995005935,0.07231566699920222,8.198851585388184,5.744434833526611,2.4544167518615723,0.0,0.32174214598489925,49.72926363446009,5.960464455334602e-09,['simulator_acceleration_field_stuck'],0.31619422579887074,6.889212957720889
30,brake,50,complete,3,3,-8.74654905516918,0.0,velocity_derived,0.0,0.0,-8.74654905516918,8.74654905516918,0.0,8.74654905516918,0.049294892055305795,14.260382065141135,13.024324883672667,0.05177019699476659,0.10423091799020767,8.1990385055542,5.733469009399414,2.465604782104492,0.0,0.22593075199984014,48.36683808688729,0.0,['simulator_acceleration_field_stuck'],0.31619422579887074,8.430354829370309
30,brake,60,complete,3,3,-9.780611245342868,0.0,velocity_derived,0.0,0.0,-9.780611245342868,9.780611245342868,0.0,9.780611245342868,0.03208742260095221,16.072622609322387,13.83786294241316,0.04407996800728142,0.05803241700050421,8.199357986450195,4.994174957275391,3.2656965255737305,0.0,0.3238878179981839,48.165682673042575,2.384185793236071e-08,['simulator_acceleration_field_stuck'],0.31619422579887074,9.464417019543998
30,brake,70,complete,3,3,-9.634338302964789,0.0,velocity_derived,0.0,0.0,-9.634338302964789,9.634338302964789,0.0,9.634338302964789,0.08595971541967984,15.772818757139055,15.623346751863263,0.046201449004001915,0.06431553600123152,8.199384689331055,5.3581438064575195,2.840850830078125,0.0,0.27380555600393564,49.96946596984343,1.1920928910669204e-08,['simulator_acceleration_field_stuck'],0.31619422579887074,9.318144077165918
30,brake,80,complete,3,3,-9.090670622067687,0.0,velocity_derived,0.0,0.0,-9.090670622067687,9.090670622067687,0.0,9.090670622067687,0.01705758187295814,15.079447369446767,14.127806656914814,0.03421541300485842,0.0519925509870518,8.199233055114746,4.9166107177734375,3.2826757431030273,0.0,0.34044758998788893,49.71259961581725,1.1920928910669204e-08,['simulator_acceleration_field_stuck'],0.31619422579887074,8.774476396268817
30,brake,90,complete,3,3,-9.04068546094768,0.0,velocity_derived,0.0,0.0,-9.04068546094768,9.04068546094768,0.0,9.04068546094768,0.0773170405006649,14.910849039012403,13.691316639365894,0.029900840017944574,0.07812965798075311,8.198739051818848,5.164414405822754,3.0343246459960938,0.0,0.28180704402620904,49.679382743526986,2.384185793236071e-08,['simulator_acceleration_field_stuck'],0.31619422579887074,8.72449123514881
30,brake,100,complete,3,3,-8.837008294690062,0.0,velocity_derived,0.0,0.0,-8.837008294690062,8.837008294690062,0.0,8.837008294690062,0.046239432302606076,12.80967089501515,12.385365897842178,0.04206422599963844,0.07222315200488083,8.19911003112793,5.571165084838867,2.6279449462890625,0.0,0.263926535990322,48.77828266917389,0.0,['simulator_acceleration_field_stuck'],0.31619422579887074,8.520814068891191
35,brake,0,complete,3,3,-0.3468708397425404,0.0,velocity_derived,0.0,0.0,-0.3468708397425404,0.3468708397425404,0.0,0.3468708397425404,6.69400578933721e-05,0.6328990101714999,0.5272798990740358,,,9.576931953430176,9.090848922729492,0.48602962493896484,0.0,1.3418118740082718,48.71330376839271,0.0,['simulator_acceleration_field_stuck'],0.3468708397425404,0.0
35,brake,10,complete,3,3,-1.2574933507915391,0.0,velocity_derived,0.0,0.0,-1.2574933507915391,1.2574933507915391,0.0,1.2574933507915391,0.001328260010010185,2.3220474351937868,1.9163932622635198,0.044264508003834635,0.09026842299499549,9.577020645141602,7.818972587585449,1.7581186294555664,0.0,1.3461704440123867,48.105596612611365,1.4901161138336505e-09,['simulator_acceleration_field_stuck'],0.3468708397425404,0.9106225110489987
35,brake,20,complete,3,3,-2.1764750811126903,0.0,velocity_derived,0.0,0.0,-2.1764750811126903,2.1764750811126903,0.0,2.1764750811126903,0.006743050218815494,3.920221888528001,3.2378746253463406,0.04022628898383118,0.062256192992208526,9.577077865600586,7.903511047363281,1.6735916137695312,0.0,0.727943948993925,47.84360861452963,2.980232227667301e-09,['simulator_acceleration_field_stuck'],0.3468708397425404,1.8296042413701499
35,brake,30,complete,3,3,-4.6776710679005635,0.0,velocity_derived,0.0,0.0,-4.6776710679005635,4.6776710679005635,0.0,4.6776710679005635,0.026661053671370283,7.721404202523769,7.20426122137301,0.04204996899352409,0.07188454200513661,9.57701587677002,7.351935863494873,2.2250800132751465,0.0,0.4378856330004055,46.64984504434447,1.1920928966180355e-08,['simulator_acceleration_field_stuck'],0.3468708397425404,4.330800228158023
35,brake,40,complete,3,3,-7.341180811162668,0.0,velocity_derived,0.0,0.0,-7.341180811162668,7.341180811162668,0.0,7.341180811162668,0.04003051004741032,11.000830107791263,10.407494440560622,0.04229854998993687,0.07013038199511357,9.577011108398438,6.943459987640381,2.633545398712158,0.0,0.307907423004508,48.715941478878825,5.960464455334602e-09,['simulator_acceleration_field_stuck'],0.3468708397425404,6.994309971420128
35,brake,50,complete,3,3,-8.910672511095783,0.0,velocity_derived,0.0,0.0,-8.910672511095783,8.910672511095783,0.0,8.910672511095783,0.06861830541695113,13.602247604043587,12.937223416403947,0.04608036199351773,0.09220229898346588,9.577064514160156,6.921069145202637,2.6559953689575195,0.0,0.24418789098854177,49.50069711313764,0.0,['simulator_acceleration_field_stuck'],0.3468708397425404,8.563801671353243
35,brake,60,complete,3,3,-9.746969524827318,0.0,velocity_derived,0.0,0.0,-9.746969524827318,9.746969524827318,0.0,9.746969524827318,0.139561342217549,14.23365904688019,13.989403621579884,0.040280204004375264,0.06218709802487865,9.576882362365723,6.732817649841309,2.84409761428833,0.0,0.26186733099166304,48.397203987770524,2.384185793236071e-08,['simulator_acceleration_field_stuck'],0.3468708397425404,9.400098685084778
35,brake,70,complete,3,3,-9.657116518171591,0.0,velocity_derived,0.0,0.0,-9.657116518171591,9.657116518171591,0.0,9.657116518171591,0.04389195991663186,17.614620151553925,15.64708972986641,0.04204585700063035,0.09228113500284962,9.576903343200684,6.69437837600708,2.882477283477783,0.0,0.2602287680201698,49.890923473586064,1.1920928910669204e-08,['simulator_acceleration_field_stuck'],0.3468708397425404,9.310245678429052
35,brake,80,complete,3,3,-9.119332014012578,0.0,velocity_derived,0.0,0.0,-9.119332014012578,9.119332014012578,0.0,9.119332014012578,0.04144171844020761,15.084799855028797,13.842328910797725,0.044018855987815186,0.059888274990953505,9.576889991760254,6.301732540130615,3.275083065032959,0.0,0.3396971420152113,47.100778961759815,1.1920928910669204e-08,['simulator_acceleration_field_stuck'],0.3468708397425404,8.772461174270038
35,brake,90,complete,3,3,-9.124321673643783,0.0,velocity_derived,0.0,0.0,-9.124321673643783,9.124321673643783,0.0,9.124321673643783,0.025471925488481872,14.5597558909757,14.222307387908003,0.042317946994444355,0.06811941400519572,9.576981544494629,6.357171058654785,3.2198104858398438,0.0,0.31843595099053346,48.80669089521659,2.384185793236071e-08,['simulator_acceleration_field_stuck'],0.3468708397425404,8.777450833901241
35,brake,100,complete,3,3,-8.783017737782309,0.0,velocity_derived,0.0,0.0,-8.783017737782309,8.783017737782309,0.0,8.783017737782309,0.021930182703647105,14.666729712843674,13.175820154858204,0.03639281599316746,0.06000431801658124,9.576946258544922,6.9528679847717285,2.6240015029907227,0.0,0.27800379498512484,47.981335868031294,0.0,['simulator_acceleration_field_stuck'],0.3468708397425404,8.43614689803977
40,brake,0,complete,3,3,-0.3666974559227209,0.0,velocity_derived,0.0,0.0,-0.3666974559227209,0.3666974559227209,0.0,0.3666974559227209,0.0005425425865807632,0.6798758211495203,0.6063398978107464,,,11.016032218933105,10.507331848144531,0.5179452896118164,0.0,1.3263208179851063,48.316357414066005,0.0,['simulator_acceleration_field_stuck'],0.3666974559227209,0.0
40,brake,10,complete,3,3,-1.2800957491020082,0.0,velocity_derived,0.0,0.0,-1.2800957491020082,1.2800957491020082,0.0,1.2800957491020082,0.0017975810884054422,2.1655981985635693,2.090560927621804,0.033986851980444044,0.07813979001366533,11.038137435913086,9.25902271270752,1.7908353805541992,0.0,1.3482225299812853,47.957174828175695,1.4901161138336505e-09,['simulator_acceleration_field_stuck'],0.3666974559227209,0.9133982931792872
40,brake,20,complete,3,3,-2.2044920026992676,0.0,velocity_derived,0.0,0.0,-2.2044920026992676,2.2044920026992676,0.0,2.2044920026992676,0.0009973584764897403,3.648429434544185,3.3919080983662306,0.038192663982044905,0.08991527499165386,11.038800239562988,9.479856491088867,1.5627079010009766,0.0,0.6679915059939958,46.70558979700158,2.980232227667301e-09,['simulator_acceleration_field_stuck'],0.3666974559227209,1.8377945467765466
40,brake,30,complete,3,3,-4.7522594864293675,0.0,velocity_derived,0.0,0.0,-4.7522594864293675,4.7522594864293675,0.0,4.7522594864293675,0.053588285429158944,7.6135168993050675,7.19713290864769,0.04811517399502918,0.10040079298778437,11.03688907623291,8.765106201171875,2.2697505950927734,0.0,0.42470459299511276,47.87356693106865,1.1920928966180355e-08,['simulator_acceleration_field_stuck'],0.3666974559227209,4.385562030506646
40,brake,40,complete,3,3,-7.4654584904365935,0.0,velocity_derived,0.0,0.0,-7.4654584904365935,7.4654584904365935,0.0,7.4654584904365935,0.08522194219524604,11.950426600955184,11.374945662821297,0.0361846050072927,0.08015178301138803,11.035014152526855,8.373835563659668,2.6611785888671875,0.0,0.30427289998624474,49.297850714533254,5.960464455334602e-09,['simulator_acceleration_field_stuck'],0.3666974559227209,7.098761034513872
40,brake,50,complete,3,3,-9.004994697784639,0.0,velocity_derived,0.0,0.0,-9.004994697784639,9.004994697784639,0.0,9.004994697784639,0.1392352030189805,15.23978470677947,13.30940040331448,0.04017161502270028,0.04618979402584955,11.033422470092773,8.336169242858887,2.688460350036621,0.0,0.2960960220079869,48.53602957871101,0.0,['simulator_acceleration_field_stuck'],0.3666974559227209,8.638297241861919
40,brake,60,complete,3,3,-9.987143980773544,0.0,velocity_derived,0.0,0.0,-9.987143980773544,9.987143980773544,0.0,9.987143980773544,0.06756133472811499,16.06209058338308,15.64660398974605,0.03007487198919989,0.056195951998233795,11.035745620727539,7.5584564208984375,3.4772891998291016,0.0,0.3283866750134621,48.72304882451179,2.384185793236071e-08,['simulator_acceleration_field_stuck'],0.3666974559227209,9.620446524850824
40,brake,70,complete,3,3,-9.538232634013257,0.0,velocity_derived,0.0,0.0,-9.538232634013257,9.538232634013257,0.0,9.538232634013257,0.11481118732573137,16.930051184752216,15.559620669094727,0.048264192999340594,0.0722687030211091,11.035411834716797,7.626472473144531,3.410959243774414,0.0,0.2962519670254551,48.3027242453788,1.1920928910669204e-08,['simulator_acceleration_field_stuck'],0.3666974559227209,9.171535178090537
40,brake,80,complete,3,3,-9.274759393888331,0.0,velocity_derived,0.0,0.0,-9.274759393888331,9.274759393888331,0.0,9.274759393888331,0.022275052642939386,14.72791720498936,13.415872176060052,0.040132043010089546,0.08630540000740439,11.028810501098633,8.096628189086914,2.9430980682373047,0.0,0.255876340001123,47.46093449484363,1.1920928910669204e-08,['simulator_acceleration_field_stuck'],0.3666974559227209,8.908061937965611
40,brake,90,complete,3,3,-9.139584196190189,0.0,velocity_derived,0.0,0.0,-9.139584196190189,9.139584196190189,0.0,9.139584196190189,0.06196916792493745,15.228548705879065,14.915927836662703,0.0361940169823356,0.07437262800522149,11.03149700164795,7.831059455871582,3.197882652282715,0.0,0.3238894189998973,49.38651378239124,2.384185793236071e-08,['simulator_acceleration_field_stuck'],0.3666974559227209,8.772886740267468
40,brake,100,complete,3,3,-8.863022900495398,0.0,velocity_derived,0.0,0.0,-8.863022900495398,8.863022900495398,0.0,8.863022900495398,0.03584563119023443,14.571567589077492,14.059198607845287,0.04014766201726161,0.10783192899543792,11.03076171875,8.03785514831543,2.9936599731445312,0.0,0.2684095150034409,49.51204517687241,0.0,['simulator_acceleration_field_stuck'],0.3666974559227209,8.496325444572678
45,brake,0,complete,3,3,-0.3803735456147569,0.0,velocity_derived,0.0,0.0,-0.3803735456147569,0.3803735456147569,0.0,0.3803735456147569,0.0002929447333269719,0.682972953407275,0.592212367193049,,,12.427749633789062,11.887884140014648,0.5398654937744141,0.0,1.330038890009746,48.40172460960568,0.0,['simulator_acceleration_field_stuck'],0.3803735456147569,0.0
45,brake,10,complete,3,3,-1.2892468779935755,0.0,velocity_derived,0.0,0.0,-1.2892468779935755,1.2892468779935755,0.0,1.2892468779935755,0.0026653656859807473,2.333469923538333,2.1274434414818626,0.0362004270136822,0.07614741398720071,12.412115097045898,10.625685691833496,1.809774398803711,0.0,1.3578972349932883,48.48385033640135,1.4901161138336505e-09,['simulator_acceleration_field_stuck'],0.3803735456147569,0.9088733323788186
45,brake,20,complete,3,3,-2.2153760046863784,0.0,velocity_derived,0.0,0.0,-2.2153760046863784,2.2153760046863784,0.0,2.2153760046863784,0.0020543818434362038,4.059436913890104,3.4352830754485106,0.05382181500317529,0.05396614200435579,12.423077583312988,10.758816719055176,1.6620540618896484,0.0,0.7243085300142411,47.99468545255886,2.980232227667301e-09,['simulator_acceleration_field_stuck'],0.3803735456147569,1.8350024590716214
45,brake,30,complete,3,3,-4.820309695708217,0.0,velocity_derived,0.0,0.0,-4.820309695708217,4.820309695708217,0.0,4.820309695708217,0.00337925216217716,7.668785333451866,6.840680853441313,0.034218948014313355,0.06597946301917545,12.417476654052734,10.234301567077637,2.188098907470703,0.0,0.452048567996826,48.00371556393617,1.1920928966180355e-08,['simulator_acceleration_field_stuck'],0.3803735456147569,4.439936150093461
45,brake,40,complete,3,3,-7.421508277263532,0.0,velocity_derived,0.0,0.0,-7.421508277263532,7.421508277263532,0.0,7.421508277263532,0.049200613305409036,11.808567761341244,11.327324884170658,0.03832968301139772,0.1162654230138287,12.41667366027832,9.74720573425293,2.670024871826172,0.0,0.2699036400008481,48.89717414077334,5.960464455334602e-09,['simulator_acceleration_field_stuck'],0.3803735456147569,7.041134731648776
45,brake,50,complete,3,3,-8.920116402510763,0.0,velocity_derived,0.0,0.0,-8.920116402510763,8.920116402510763,0.0,8.920116402510763,0.1364269908109801,15.152906694459277,14.235017826351763,0.0382104929885827,0.08828313800040632,12.409841537475586,9.734604835510254,2.681760787963867,0.0,0.2420416329987347,47.86153824432736,0.0,['simulator_acceleration_field_stuck'],0.3803735456147569,8.539742856896005
45,brake,60,complete,3,3,-10.191318124629394,0.0,velocity_derived,0.0,0.0,-10.191318124629394,10.191318124629394,0.0,10.191318124629394,0.15982590370874838,14.665435427361922,13.938203115121944,0.03597615601029247,0.06633772898931056,12.41019344329834,8.92858600616455,3.4854049682617188,0.0,0.2978379320120439,48.996338938512864,2.384185793236071e-08,['simulator_acceleration_field_stuck'],0.3803735456147569,9.810944579014636
45,brake,70,complete,3,3,-9.057423865122477,0.0,velocity_derived,0.0,0.0,-9.057423865122477,9.057423865122477,0.0,9.057423865122477,0.06723634780410492,17.031895355276593,14.146687925497014,0.030072322988417,0.056115786981536075,12.409872055053711,9.668390274047852,2.7414817810058594,0.0,0.2779675700003281,49.695577317268494,1.1920928910669204e-08,['simulator_acceleration_field_stuck'],0.3803735456147569,8.67705031950772
45,brake,80,complete,3,3,-9.268378994740857,0.0,velocity_derived,0.0,0.0,-9.268378994740857,9.268378994740857,0.0,9.268378994740857,0.013117798180379836,14.643099193206568,14.205003265721425,0.040330538991838694,0.09026180801447481,12.410374641418457,9.311635971069336,3.0956058502197266,0.0,0.26828431300236844,51.74387215327907,1.1920928910669204e-08,['simulator_acceleration_field_stuck'],0.3803735456147569,8.8880054491261
45,brake,90,complete,3,3,-9.13997789757761,0.0,velocity_derived,0.0,0.0,-9.13997789757761,9.13997789757761,0.0,9.13997789757761,0.08731047765173905,14.77683200993018,14.411423371797493,0.04219288198510185,0.09007624798687175,12.417867660522461,9.21815013885498,3.2001657485961914,0.0,0.2821909300109837,48.505605827998224,2.384185793236071e-08,['simulator_acceleration_field_stuck'],0.3803735456147569,8.759604351962853
45,brake,100,complete,3,3,-8.924805196173004,0.0,velocity_derived,0.0,0.0,-8.924805196173004,8.924805196173004,0.0,8.924805196173004,0.11425287431167064,13.701256433841422,13.60887530524245,0.04230202900362201,0.06403352500637993,12.41494369506836,9.408080101013184,3.0008544921875,0.0,0.3180359039979521,48.70565975307321,0.0,['simulator_acceleration_field_stuck'],0.3803735456147569,8.544431650558247
50,brake,0,complete,3,3,-0.3995328380793446,0.0,velocity_derived,0.0,0.0,-0.3995328380793446,0.3995328380793446,0.0,0.3995328380793446,0.0009098063801941114,0.6622955357867292,0.6107095202179433,,,13.859776496887207,13.30688762664795,0.5576248168945312,0.0,1.3517842809960712,47.34483223376527,0.0,['simulator_acceleration_field_stuck'],0.3995328380793446,0.0
50,brake,10,complete,3,3,-1.3039489961066588,0.0,velocity_derived,0.0,0.0,-1.3039489961066588,1.3039489961066588,0.0,1.3039489961066588,0.003132503508597839,2.151722595965602,2.00931876577498,0.0322262050176505,0.07021884800633416,13.802894592285156,11.947813034057617,1.8475713729858398,0.0,1.3698043699841946,48.457788182660295,1.4901161138336505e-09,['simulator_acceleration_field_stuck'],0.3995328380793446,0.9044161580273142
50,brake,20,complete,3,3,-2.245326882246475,0.0,velocity_derived,0.0,0.0,-2.245326882246475,2.245326882246475,0.0,2.245326882246475,0.008249922114718977,3.7233386195563907,3.5160111764332913,0.03213161899475381,0.11589156000991352,13.808042526245117,12.048247337341309,1.759657859802246,0.0,0.6665553779748734,48.00801412363111,2.980232227667301e-09,['simulator_acceleration_field_stuck'],0.3995328380793446,1.8457940441671303
50,brake,30,complete,3,3,-4.788077334496888,0.0,velocity_derived,0.0,0.0,-4.788077334496888,4.788077334496888,0.0,4.788077334496888,0.0021992136366026926,8.006818390400548,7.948453188474625,0.04408086300827563,0.07606319698970765,13.794270515441895,11.42762279510498,2.3823184967041016,0.0,0.45174137901631184,49.1145741210076,1.1920928966180355e-08,['simulator_acceleration_field_stuck'],0.3995328380793446,4.388544496417544
50,brake,40,complete,3,3,-7.546500506870929,0.0,velocity_derived,0.0,0.0,-7.546500506870929,7.546500506870929,0.0,7.546500506870929,0.0012891396855865267,13.0775613843644,11.859068120733673,0.03213801499805413,0.062047156010521576,13.790743827819824,11.125117301940918,2.6768789291381836,0.0,0.3161210910184309,50.61351632203227,5.960464455334602e-09,['simulator_acceleration_field_stuck'],0.3995328380793446,7.146967668791585
50,brake,50,complete,3,3,-9.1026921010541,0.0,velocity_derived,0.0,0.0,-9.1026921010541,9.1026921010541,0.0,9.1026921010541,0.26046204514532967,15.619328530387266,13.993701057441399,0.03020821700920351,0.06621542500215583,13.792508125305176,10.607772827148438,3.179743766784668,0.0,0.33210022700950503,48.849084535013525,0.0,['simulator_acceleration_field_stuck'],0.3995328380793446,8.703159262974754
50,brake,60,complete,3,3,-9.766076459800153,0.0,velocity_derived,0.0,0.0,-9.766076459800153,9.766076459800153,0.0,9.766076459800153,0.029719978485431398,14.994568134883096,14.406163458242501,0.046160669007804245,0.072279840009287,13.796818733215332,10.511963844299316,3.2845869064331055,0.0,0.30427130800671875,48.408369441760755,2.384185793236071e-08,['simulator_acceleration_field_stuck'],0.3995328380793446,9.366543621720808
50,brake,70,complete,3,3,-9.77681236975245,0.0,velocity_derived,0.0,0.0,-9.77681236975245,9.77681236975245,0.0,9.77681236975245,0.3487743426093832,13.876199077018432,13.823795042298308,0.06405897700460628,0.09035516198491678,13.79603099822998,10.551246643066406,3.2443199157714844,0.0,0.26214121701195836,50.0351121374187,1.1920928910669204e-08,['simulator_acceleration_field_stuck'],0.3995328380793446,9.377279531673105
50,brake,80,complete,3,3,-9.220044639065962,0.0,velocity_derived,0.0,0.0,-9.220044639065962,9.220044639065962,0.0,9.220044639065962,0.09876415776010461,13.873555701458361,13.704577056030374,0.03640312500647269,0.057962519000284374,13.79430103302002,10.675765991210938,3.113069534301758,0.0,0.27614042899222113,47.718770761920965,1.1920928910669204e-08,['simulator_acceleration_field_stuck'],0.3995328380793446,8.820511800986617
50,brake,90,complete,3,3,-8.74740199322755,0.0,velocity_derived,0.0,0.0,-8.74740199322755,8.74740199322755,0.0,8.74740199322755,0.07099511254629753,13.72454654235722,13.629903043724022,0.038201229996047914,0.07625389698660001,13.798212051391602,10.772021293640137,3.0141401290893555,0.0,0.3077068979910109,50.0299704524652,2.384185793236071e-08,['simulator_acceleration_field_stuck'],0.3995328380793446,8.347869155148205
50,brake,100,complete,3,3,-9.060186231865384,0.0,velocity_derived,0.0,0.0,-9.060186231865384,9.060186231865384,0.0,9.060186231865384,0.2665230909888745,15.00524124179395,14.503722963446286,0.030084048019489273,0.1120109950134065,13.78907585144043,11.147668838500977,2.641407012939453,0.0,0.21257490999414586,49.138583291490356,0.0,['simulator_acceleration_field_stuck'],0.3995328380793446,8.660653393786038
55,brake,0,complete,3,3,-0.41312394951648557,0.0,velocity_derived,0.0,0.0,-0.41312394951648557,0.41312394951648557,0.0,0.41312394951648557,0.00019381259928014094,0.7509146679133073,0.6884623001850583,,,15.245884895324707,14.67384147644043,0.5720434188842773,0.0,1.347685635992093,48.758428454089724,0.0,['simulator_acceleration_field_stuck'],0.41312394951648557,0.0
55,brake,10,complete,3,3,-1.321429104690603,0.0,velocity_derived,0.0,0.0,-1.321429104690603,1.321429104690603,0.0,1.321429104690603,0.0010946000540938972,2.361542489234436,2.014418975831241,0.03388768498552963,0.060111522005172446,15.18372917175293,13.361741065979004,1.8479375839233398,0.0,1.3683609740110114,48.3279155304858,1.4901161138336505e-09,['simulator_acceleration_field_stuck'],0.41312394951648557,0.9083051551741175
55,brake,20,complete,3,3,-2.2386151642089716,0.0,velocity_derived,0.0,0.0,-2.2386151642089716,2.2386151642089716,0.0,2.2386151642089716,0.004448670322138248,3.7679867545225814,3.458502310502362,0.03206255697296001,0.08826188699458726,15.186062812805176,13.549883842468262,1.6370372772216797,0.0,0.6778335669951048,47.53713283742439,2.980232227667301e-09,['simulator_acceleration_field_stuck'],0.41312394951648557,1.825491214692486
55,brake,30,complete,3,3,-4.861720248965529,0.0,velocity_derived,0.0,0.0,-4.861720248965529,4.861720248965529,0.0,4.861720248965529,0.03816525274388649,8.037432379628955,7.488296135406475,0.04421403500600718,0.13612358999671414,15.180675506591797,12.96910572052002,2.202225685119629,0.0,0.3898952850140631,48.731032998551626,1.1920928966180355e-08,['simulator_acceleration_field_stuck'],0.41312394951648557,4.448596299449044
55,brake,40,complete,3,3,-7.387691774474941,0.0,velocity_derived,0.0,0.0,-7.387691774474941,7.387691774474941,0.0,7.387691774474941,0.2826645961457155,12.094678760429957,11.536134509037552,0.03206394298467785,0.09209027100587264,15.175067901611328,12.632933616638184,2.531559944152832,0.0,0.2843951380054932,50.42516554614923,5.960464455334602e-09,['simulator_acceleration_field_stuck'],0.41312394951648557,6.974567824958456
55,brake,50,complete,3,3,-8.753079480431241,0.0,velocity_derived,0.0,0.0,-8.753079480431241,8.753079480431241,0.0,8.753079480431241,0.11539861271989693,14.489081797550549,13.5918991001944,0.03607356100110337,0.07632988900877535,15.178299903869629,12.16218090057373,3.0161190032958984,0.0,0.30996970800333656,48.39182543553107,0.0,['simulator_acceleration_field_stuck'],0.41312394951648557,8.339955530914755
55,brake,60,incomplete,0,0,,,,,,,,,,,,,,,,,,,,,,[],0.41312394951648557,
55,brake,70,incomplete,0,0,,,,,,,,,,,,,,,,,,,,,,[],0.41312394951648557,
55,brake,80,incomplete,0,0,,,,,,,,,,,,,,,,,,,,,,[],0.41312394951648557,
55,brake,90,incomplete,0,0,,,,,,,,,,,,,,,,,,,,,,[],0.41312394951648557,
55,brake,100,incomplete,0,0,,,,,,,,,,,,,,,,,,,,,,[],0.41312394951648557,
57,brake,0,incomplete,0,0,,,,,,,,,,,,,,,,,,,,,,[],,
57,brake,10,incomplete,0,0,,,,,,,,,,,,,,,,,,,,,,[],,
57,brake,20,incomplete,0,0,,,,,,,,,,,,,,,,,,,,,,[],,
57,brake,30,incomplete,0,0,,,,,,,,,,,,,,,,,,,,,,[],,
57,brake,40,incomplete,0,0,,,,,,,,,,,,,,,,,,,,,,[],,
57,brake,50,incomplete,0,0,,,,,,,,,,,,,,,,,,,,,,[],,
57,brake,60,incomplete,0,0,,,,,,,,,,,,,,,,,,,,,,[],,
57,brake,70,incomplete,0,0,,,,,,,,,,,,,,,,,,,,,,[],,
57,brake,80,incomplete,0,0,,,,,,,,,,,,,,,,,,,,,,[],,
57,brake,90,incomplete,0,0,,,,,,,,,,,,,,,,,,,,,,[],,
57,brake,100,incomplete,0,0,,,,,,,,,,,,,,,,,,,,,,[],,
60,brake,0,incomplete,0,0,,,,,,,,,,,,,,,,,,,,,,[],,
60,brake,10,incomplete,0,0,,,,,,,,,,,,,,,,,,,,,,[],,
60,brake,20,incomplete,0,0,,,,,,,,,,,,,,,,,,,,,,[],,
60,brake,30,incomplete,0,0,,,,,,,,,,,,,,,,,,,,,,[],,
60,brake,40,incomplete,0,0,,,,,,,,,,,,,,,,,,,,,,[],,
60,brake,50,incomplete,0,0,,,,,,,,,,,,,,,,,,,,,,[],,
60,brake,60,incomplete,0,0,,,,,,,,,,,,,,,,,,,,,,[],,
60,brake,70,incomplete,0,0,,,,,,,,,,,,,,,,,,,,,,[],,
60,brake,80,incomplete,0,0,,,,,,,,,,,,,,,,,,,,,,[],,
60,brake,90,incomplete,0,0,,,,,,,,,,,,,,,,,,,,,,[],,
60,brake,100,incomplete,0,0,,,,,,,,,,,,,,,,,,,,,,[],,
65,brake,0,incomplete,0,0,,,,,,,,,,,,,,,,,,,,,,[],,
65,brake,10,incomplete,0,0,,,,,,,,,,,,,,,,,,,,,,[],,
65,brake,20,incomplete,0,0,,,,,,,,,,,,,,,,,,,,,,[],,
65,brake,30,incomplete,0,0,,,,,,,,,,,,,,,,,,,,,,[],,
65,brake,40,incomplete,0,0,,,,,,,,,,,,,,,,,,,,,,[],,
65,brake,50,incomplete,0,0,,,,,,,,,,,,,,,,,,,,,,[],,
65,brake,60,incomplete,0,0,,,,,,,,,,,,,,,,,,,,,,[],,
65,brake,70,incomplete,0,0,,,,,,,,,,,,,,,,,,,,,,[],,
65,brake,80,incomplete,0,0,,,,,,,,,,,,,,,,,,,,,,[],,
65,brake,90,incomplete,0,0,,,,,,,,,,,,,,,,,,,,,,[],,
65,brake,100,incomplete,0,0,,,,,,,,,,,,,,,,,,,,,,[],,
70,brake,0,incomplete,0,0,,,,,,,,,,,,,,,,,,,,,,[],,
70,brake,10,incomplete,0,0,,,,,,,,,,,,,,,,,,,,,,[],,
70,brake,20,incomplete,0,0,,,,,,,,,,,,,,,,,,,,,,[],,
70,brake,30,incomplete,0,0,,,,,,,,,,,,,,,,,,,,,,[],,
70,brake,40,incomplete,0,0,,,,,,,,,,,,,,,,,,,,,,[],,
70,brake,50,incomplete,0,0,,,,,,,,,,,,,,,,,,,,,,[],,
70,brake,60,incomplete,0,0,,,,,,,,,,,,,,,,,,,,,,[],,
70,brake,70,incomplete,0,0,,,,,,,,,,,,,,,,,,,,,,[],,
70,brake,80,incomplete,0,0,,,,,,,,,,,,,,,,,,,,,,[],,
70,brake,90,incomplete,0,0,,,,,,,,,,,,,,,,,,,,,,[],,
70,brake,100,incomplete,0,0,,,,,,,,,,,,,,,,,,,,,,[],,
75,brake,0,incomplete,0,0,,,,,,,,,,,,,,,,,,,,,,[],,
75,brake,10,incomplete,0,0,,,,,,,,,,,,,,,,,,,,,,[],,
75,brake,20,incomplete,0,0,,,,,,,,,,,,,,,,,,,,,,[],,
75,brake,30,incomplete,0,0,,,,,,,,,,,,,,,,,,,,,,[],,
75,brake,40,incomplete,0,0,,,,,,,,,,,,,,,,,,,,,,[],,
75,brake,50,incomplete,0,0,,,,,,,,,,,,,,,,,,,,,,[],,
75,brake,60,incomplete,0,0,,,,,,,,,,,,,,,,,,,,,,[],,
75,brake,70,incomplete,0,0,,,,,,,,,,,,,,,,,,,,,,[],,
75,brake,80,incomplete,0,0,,,,,,,,,,,,,,,,,,,,,,[],,
75,brake,90,incomplete,0,0,,,,,,,,,,,,,,,,,,,,,,[],,
75,brake,100,incomplete,0,0,,,,,,,,,,,,,,,,,,,,,,[],,
80,brake,0,incomplete,0,0,,,,,,,,,,,,,,,,,,,,,,[],,
80,brake,10,incomplete,0,0,,,,,,,,,,,,,,,,,,,,,,[],,
80,brake,20,incomplete,0,0,,,,,,,,,,,,,,,,,,,,,,[],,
80,brake,30,incomplete,0,0,,,,,,,,,,,,,,,,,,,,,,[],,
80,brake,40,incomplete,0,0,,,,,,,,,,,,,,,,,,,,,,[],,
80,brake,50,incomplete,0,0,,,,,,,,,,,,,,,,,,,,,,[],,
80,brake,60,incomplete,0,0,,,,,,,,,,,,,,,,,,,,,,[],,
80,brake,70,incomplete,0,0,,,,,,,,,,,,,,,,,,,,,,[],,
80,brake,80,incomplete,0,0,,,,,,,,,,,,,,,,,,,,,,[],,
80,brake,90,incomplete,0,0,,,,,,,,,,,,,,,,,,,,,,[],,
80,brake,100,incomplete,0,0,,,,,,,,,,,,,,,,,,,,,,[],,
85,brake,0,incomplete,0,0,,,,,,,,,,,,,,,,,,,,,,[],,
85,brake,10,incomplete,0,0,,,,,,,,,,,,,,,,,,,,,,[],,
85,brake,20,incomplete,0,0,,,,,,,,,,,,,,,,,,,,,,[],,
85,brake,30,incomplete,0,0,,,,,,,,,,,,,,,,,,,,,,[],,
85,brake,40,incomplete,0,0,,,,,,,,,,,,,,,,,,,,,,[],,
85,brake,50,incomplete,0,0,,,,,,,,,,,,,,,,,,,,,,[],,
85,brake,60,incomplete,0,0,,,,,,,,,,,,,,,,,,,,,,[],,
85,brake,70,incomplete,0,0,,,,,,,,,,,,,,,,,,,,,,[],,
85,brake,80,incomplete,0,0,,,,,,,,,,,,,,,,,,,,,,[],,
85,brake,90,incomplete,0,0,,,,,,,,,,,,,,,,,,,,,,[],,
85,brake,100,incomplete,0,0,,,,,,,,,,,,,,,,,,,,,,[],,
90,brake,0,incomplete,0,0,,,,,,,,,,,,,,,,,,,,,,[],,
90,brake,10,incomplete,0,0,,,,,,,,,,,,,,,,,,,,,,[],,
90,brake,20,incomplete,0,0,,,,,,,,,,,,,,,,,,,,,,[],,
90,brake,30,incomplete,0,0,,,,,,,,,,,,,,,,,,,,,,[],,
90,brake,40,incomplete,0,0,,,,,,,,,,,,,,,,,,,,,,[],,
90,brake,50,incomplete,0,0,,,,,,,,,,,,,,,,,,,,,,[],,
90,brake,60,incomplete,0,0,,,,,,,,,,,,,,,,,,,,,,[],,
90,brake,70,incomplete,0,0,,,,,,,,,,,,,,,,,,,,,,[],,
90,brake,80,incomplete,0,0,,,,,,,,,,,,,,,,,,,,,,[],,
90,brake,90,incomplete,0,0,,,,,,,,,,,,,,,,,,,,,,[],,
90,brake,100,incomplete,0,0,,,,,,,,,,,,,,,,,,,,,,[],,
95,brake,0,incomplete,0,0,,,,,,,,,,,,,,,,,,,,,,[],,
95,brake,10,incomplete,0,0,,,,,,,,,,,,,,,,,,,,,,[],,
95,brake,20,incomplete,0,0,,,,,,,,,,,,,,,,,,,,,,[],,
95,brake,30,incomplete,0,0,,,,,,,,,,,,,,,,,,,,,,[],,
95,brake,40,incomplete,0,0,,,,,,,,,,,,,,,,,,,,,,[],,
95,brake,50,incomplete,0,0,,,,,,,,,,,,,,,,,,,,,,[],,
95,brake,60,incomplete,0,0,,,,,,,,,,,,,,,,,,,,,,[],,
95,brake,70,incomplete,0,0,,,,,,,,,,,,,,,,,,,,,,[],,
95,brake,80,incomplete,0,0,,,,,,,,,,,,,,,,,,,,,,[],,
95,brake,90,incomplete,0,0,,,,,,,,,,,,,,,,,,,,,,[],,
95,brake,100,incomplete,0,0,,,,,,,,,,,,,,,,,,,,,,[],,
100,brake,0,incomplete,0,0,,,,,,,,,,,,,,,,,,,,,,[],,
100,brake,10,incomplete,0,0,,,,,,,,,,,,,,,,,,,,,,[],,
100,brake,20,incomplete,0,0,,,,,,,,,,,,,,,,,,,,,,[],,
100,brake,30,incomplete,0,0,,,,,,,,,,,,,,,,,,,,,,[],,
100,brake,40,incomplete,0,0,,,,,,,,,,,,,,,,,,,,,,[],,
100,brake,50,incomplete,0,0,,,,,,,,,,,,,,,,,,,,,,[],,
100,brake,60,incomplete,0,0,,,,,,,,,,,,,,,,,,,,,,[],,
100,brake,70,incomplete,0,0,,,,,,,,,,,,,,,,,,,,,,[],,
100,brake,80,incomplete,0,0,,,,,,,,,,,,,,,,,,,,,,[],,
100,brake,90,incomplete,0,0,,,,,,,,,,,,,,,,,,,,,,[],,
100,brake,100,incomplete,0,0,,,,,,,,,,,,,,,,,,,,,,[],,
105,brake,0,incomplete,0,0,,,,,,,,,,,,,,,,,,,,,,[],,
105,brake,10,incomplete,0,0,,,,,,,,,,,,,,,,,,,,,,[],,
105,brake,20,incomplete,0,0,,,,,,,,,,,,,,,,,,,,,,[],,
105,brake,30,incomplete,0,0,,,,,,,,,,,,,,,,,,,,,,[],,
105,brake,40,incomplete,0,0,,,,,,,,,,,,,,,,,,,,,,[],,
105,brake,50,incomplete,0,0,,,,,,,,,,,,,,,,,,,,,,[],,
105,brake,60,incomplete,0,0,,,,,,,,,,,,,,,,,,,,,,[],,
105,brake,70,incomplete,0,0,,,,,,,,,,,,,,,,,,,,,,[],,
105,brake,80,incomplete,0,0,,,,,,,,,,,,,,,,,,,,,,[],,
105,brake,90,incomplete,0,0,,,,,,,,,,,,,,,,,,,,,,[],,
105,brake,100,incomplete,0,0,,,,,,,,,,,,,,,,,,,,,,[],,
110,brake,0,incomplete,0,0,,,,,,,,,,,,,,,,,,,,,,[],,
110,brake,10,incomplete,0,0,,,,,,,,,,,,,,,,,,,,,,[],,
110,brake,20,incomplete,0,0,,,,,,,,,,,,,,,,,,,,,,[],,
110,brake,30,incomplete,0,0,,,,,,,,,,,,,,,,,,,,,,[],,
110,brake,40,incomplete,0,0,,,,,,,,,,,,,,,,,,,,,,[],,
110,brake,50,incomplete,0,0,,,,,,,,,,,,,,,,,,,,,,[],,
110,brake,60,incomplete,0,0,,,,,,,,,,,,,,,,,,,,,,[],,
110,brake,70,incomplete,0,0,,,,,,,,,,,,,,,,,,,,,,[],,
110,brake,80,incomplete,0,0,,,,,,,,,,,,,,,,,,,,,,[],,
110,brake,90,incomplete,0,0,,,,,,,,,,,,,,,,,,,,,,[],,
110,brake,100,incomplete,0,0,,,,,,,,,,,,,,,,,,,,,,[],,
115,brake,0,incomplete,0,0,,,,,,,,,,,,,,,,,,,,,,[],,
115,brake,10,incomplete,0,0,,,,,,,,,,,,,,,,,,,,,,[],,
115,brake,20,incomplete,0,0,,,,,,,,,,,,,,,,,,,,,,[],,
115,brake,30,incomplete,0,0,,,,,,,,,,,,,,,,,,,,,,[],,
115,brake,40,incomplete,0,0,,,,,,,,,,,,,,,,,,,,,,[],,
115,brake,50,incomplete,0,0,,,,,,,,,,,,,,,,,,,,,,[],,
115,brake,60,incomplete,0,0,,,,,,,,,,,,,,,,,,,,,,[],,
115,brake,70,incomplete,0,0,,,,,,,,,,,,,,,,,,,,,,[],,
115,brake,80,incomplete,0,0,,,,,,,,,,,,,,,,,,,,,,[],,
115,brake,90,incomplete,0,0,,,,,,,,,,,,,,,,,,,,,,[],,
115,brake,100,incomplete,0,0,,,,,,,,,,,,,,,,,,,,,,[],,
120,brake,0,incomplete,0,0,,,,,,,,,,,,,,,,,,,,,,[],,
120,brake,10,incomplete,0,0,,,,,,,,,,,,,,,,,,,,,,[],,
120,brake,20,incomplete,0,0,,,,,,,,,,,,,,,,,,,,,,[],,
120,brake,30,incomplete,0,0,,,,,,,,,,,,,,,,,,,,,,[],,
120,brake,40,incomplete,0,0,,,,,,,,,,,,,,,,,,,,,,[],,
120,brake,50,incomplete,0,0,,,,,,,,,,,,,,,,,,,,,,[],,
120,brake,60,incomplete,0,0,,,,,,,,,,,,,,,,,,,,,,[],,
120,brake,70,incomplete,0,0,,,,,,,,,,,,,,,,,,,,,,[],,
120,brake,80,incomplete,0,0,,,,,,,,,,,,,,,,,,,,,,[],,
120,brake,90,incomplete,0,0,,,,,,,,,,,,,,,,,,,,,,[],,
120,brake,100,incomplete,0,0,,,,,,,,,,,,,,,,,,,,,,[],,
125,brake,0,incomplete,0,0,,,,,,,,,,,,,,,,,,,,,,[],,
125,brake,10,incomplete,0,0,,,,,,,,,,,,,,,,,,,,,,[],,
125,brake,20,incomplete,0,0,,,,,,,,,,,,,,,,,,,,,,[],,
125,brake,30,incomplete,0,0,,,,,,,,,,,,,,,,,,,,,,[],,
125,brake,40,incomplete,0,0,,,,,,,,,,,,,,,,,,,,,,[],,
125,brake,50,incomplete,0,0,,,,,,,,,,,,,,,,,,,,,,[],,
125,brake,60,incomplete,0,0,,,,,,,,,,,,,,,,,,,,,,[],,
125,brake,70,incomplete,0,0,,,,,,,,,,,,,,,,,,,,,,[],,
125,brake,80,incomplete,0,0,,,,,,,,,,,,,,,,,,,,,,[],,
125,brake,90,incomplete,0,0,,,,,,,,,,,,,,,,,,,,,,[],,
125,brake,100,incomplete,0,0,,,,,,,,,,,,,,,,,,,,,,[],,
130,brake,0,incomplete,0,0,,,,,,,,,,,,,,,,,,,,,,[],,
130,brake,10,incomplete,0,0,,,,,,,,,,,,,,,,,,,,,,[],,
130,brake,20,incomplete,0,0,,,,,,,,,,,,,,,,,,,,,,[],,
130,brake,30,incomplete,0,0,,,,,,,,,,,,,,,,,,,,,,[],,
130,brake,40,incomplete,0,0,,,,,,,,,,,,,,,,,,,,,,[],,
130,brake,50,incomplete,0,0,,,,,,,,,,,,,,,,,,,,,,[],,
130,brake,60,incomplete,0,0,,,,,,,,,,,,,,,,,,,,,,[],,
130,brake,70,incomplete,0,0,,,,,,,,,,,,,,,,,,,,,,[],,
130,brake,80,incomplete,0,0,,,,,,,,,,,,,,,,,,,,,,[],,
130,brake,90,incomplete,0,0,,,,,,,,,,,,,,,,,,,,,,[],,
130,brake,100,incomplete,0,0,,,,,,,,,,,,,,,,,,,,,,[],,
135,brake,0,incomplete,0,0,,,,,,,,,,,,,,,,,,,,,,[],,
135,brake,10,incomplete,0,0,,,,,,,,,,,,,,,,,,,,,,[],,
135,brake,20,incomplete,0,0,,,,,,,,,,,,,,,,,,,,,,[],,
135,brake,30,incomplete,0,0,,,,,,,,,,,,,,,,,,,,,,[],,
135,brake,40,incomplete,0,0,,,,,,,,,,,,,,,,,,,,,,[],,
135,brake,50,incomplete,0,0,,,,,,,,,,,,,,,,,,,,,,[],,
135,brake,60,incomplete,0,0,,,,,,,,,,,,,,,,,,,,,,[],,
135,brake,70,incomplete,0,0,,,,,,,,,,,,,,,,,,,,,,[],,
135,brake,80,incomplete,0,0,,,,,,,,,,,,,,,,,,,,,,[],,
135,brake,90,incomplete,0,0,,,,,,,,,,,,,,,,,,,,,,[],,
135,brake,100,incomplete,0,0,,,,,,,,,,,,,,,,,,,,,,[],,
140,brake,0,incomplete,0,0,,,,,,,,,,,,,,,,,,,,,,[],,
140,brake,10,incomplete,0,0,,,,,,,,,,,,,,,,,,,,,,[],,
140,brake,20,incomplete,0,0,,,,,,,,,,,,,,,,,,,,,,[],,
140,brake,30,incomplete,0,0,,,,,,,,,,,,,,,,,,,,,,[],,
140,brake,40,incomplete,0,0,,,,,,,,,,,,,,,,,,,,,,[],,
140,brake,50,incomplete,0,0,,,,,,,,,,,,,,,,,,,,,,[],,
140,brake,60,incomplete,0,0,,,,,,,,,,,,,,,,,,,,,,[],,
140,brake,70,incomplete,0,0,,,,,,,,,,,,,,,,,,,,,,[],,
140,brake,80,incomplete,0,0,,,,,,,,,,,,,,,,,,,,,,[],,
140,brake,90,incomplete,0,0,,,,,,,,,,,,,,,,,,,,,,[],,
140,brake,100,incomplete,0,0,,,,,,,,,,,,,,,,,,,,,,[],,
145,brake,0,incomplete,0,0,,,,,,,,,,,,,,,,,,,,,,[],,
145,brake,10,incomplete,0,0,,,,,,,,,,,,,,,,,,,,,,[],,
145,brake,20,incomplete,0,0,,,,,,,,,,,,,,,,,,,,,,[],,
145,brake,30,incomplete,0,0,,,,,,,,,,,,,,,,,,,,,,[],,
145,brake,40,incomplete,0,0,,,,,,,,,,,,,,,,,,,,,,[],,
145,brake,50,incomplete,0,0,,,,,,,,,,,,,,,,,,,,,,[],,
145,brake,60,incomplete,0,0,,,,,,,,,,,,,,,,,,,,,,[],,
145,brake,70,incomplete,0,0,,,,,,,,,,,,,,,,,,,,,,[],,
145,brake,80,incomplete,0,0,,,,,,,,,,,,,,,,,,,,,,[],,
145,brake,90,incomplete,0,0,,,,,,,,,,,,,,,,,,,,,,[],,
145,brake,100,incomplete,0,0,,,,,,,,,,,,,,,,,,,,,,[],,
150,brake,0,incomplete,0,0,,,,,,,,,,,,,,,,,,,,,,[],,
150,brake,10,incomplete,0,0,,,,,,,,,,,,,,,,,,,,,,[],,
150,brake,20,incomplete,0,0,,,,,,,,,,,,,,,,,,,,,,[],,
150,brake,30,incomplete,0,0,,,,,,,,,,,,,,,,,,,,,,[],,
150,brake,40,incomplete,0,0,,,,,,,,,,,,,,,,,,,,,,[],,
150,brake,50,incomplete,0,0,,,,,,,,,,,,,,,,,,,,,,[],,
150,brake,60,incomplete,0,0,,,,,,,,,,,,,,,,,,,,,,[],,
150,brake,70,incomplete,0,0,,,,,,,,,,,,,,,,,,,,,,[],,
150,brake,80,incomplete,0,0,,,,,,,,,,,,,,,,,,,,,,[],,
150,brake,90,incomplete,0,0,,,,,,,,,,,,,,,,,,,,,,[],,
150,brake,100,incomplete,0,0,,,,,,,,,,,,,,,,,,,,,,[],,
155,brake,0,incomplete,0,0,,,,,,,,,,,,,,,,,,,,,,[],,
155,brake,10,incomplete,0,0,,,,,,,,,,,,,,,,,,,,,,[],,
155,brake,20,incomplete,0,0,,,,,,,,,,,,,,,,,,,,,,[],,
155,brake,30,incomplete,0,0,,,,,,,,,,,,,,,,,,,,,,[],,
155,brake,40,incomplete,0,0,,,,,,,,,,,,,,,,,,,,,,[],,
155,brake,50,incomplete,0,0,,,,,,,,,,,,,,,,,,,,,,[],,
155,brake,60,incomplete,0,0,,,,,,,,,,,,,,,,,,,,,,[],,
155,brake,70,incomplete,0,0,,,,,,,,,,,,,,,,,,,,,,[],,
155,brake,80,incomplete,0,0,,,,,,,,,,,,,,,,,,,,,,[],,
155,brake,90,incomplete,0,0,,,,,,,,,,,,,,,,,,,,,,[],,
155,brake,100,incomplete,0,0,,,,,,,,,,,,,,,,,,,,,,[],,
160,brake,0,incomplete,0,0,,,,,,,,,,,,,,,,,,,,,,[],,
160,brake,10,incomplete,0,0,,,,,,,,,,,,,,,,,,,,,,[],,
160,brake,20,incomplete,0,0,,,,,,,,,,,,,,,,,,,,,,[],,
160,brake,30,incomplete,0,0,,,,,,,,,,,,,,,,,,,,,,[],,
160,brake,40,incomplete,0,0,,,,,,,,,,,,,,,,,,,,,,[],,
160,brake,50,incomplete,0,0,,,,,,,,,,,,,,,,,,,,,,[],,
160,brake,60,incomplete,0,0,,,,,,,,,,,,,,,,,,,,,,[],,
160,brake,70,incomplete,0,0,,,,,,,,,,,,,,,,,,,,,,[],,
160,brake,80,incomplete,0,0,,,,,,,,,,,,,,,,,,,,,,[],,
160,brake,90,incomplete,0,0,,,,,,,,,,,,,,,,,,,,,,[],,
160,brake,100,incomplete,0,0,,,,,,,,,,,,,,,,,,,,,,[],,
165,brake,0,incomplete,0,0,,,,,,,,,,,,,,,,,,,,,,[],,
165,brake,10,incomplete,0,0,,,,,,,,,,,,,,,,,,,,,,[],,
165,brake,20,incomplete,0,0,,,,,,,,,,,,,,,,,,,,,,[],,
165,brake,30,incomplete,0,0,,,,,,,,,,,,,,,,,,,,,,[],,
165,brake,40,incomplete,0,0,,,,,,,,,,,,,,,,,,,,,,[],,
165,brake,50,incomplete,0,0,,,,,,,,,,,,,,,,,,,,,,[],,
165,brake,60,incomplete,0,0,,,,,,,,,,,,,,,,,,,,,,[],,
165,brake,70,incomplete,0,0,,,,,,,,,,,,,,,,,,,,,,[],,
165,brake,80,incomplete,0,0,,,,,,,,,,,,,,,,,,,,,,[],,
165,brake,90,incomplete,0,0,,,,,,,,,,,,,,,,,,,,,,[],,
165,brake,100,incomplete,0,0,,,,,,,,,,,,,,,,,,,,,,[],,
170,brake,0,incomplete,0,0,,,,,,,,,,,,,,,,,,,,,,[],,
170,brake,10,incomplete,0,0,,,,,,,,,,,,,,,,,,,,,,[],,
170,brake,20,incomplete,0,0,,,,,,,,,,,,,,,,,,,,,,[],,
170,brake,30,incomplete,0,0,,,,,,,,,,,,,,,,,,,,,,[],,
170,brake,40,incomplete,0,0,,,,,,,,,,,,,,,,,,,,,,[],,
170,brake,50,incomplete,0,0,,,,,,,,,,,,,,,,,,,,,,[],,
170,brake,60,incomplete,0,0,,,,,,,,,,,,,,,,,,,,,,[],,
170,brake,70,incomplete,0,0,,,,,,,,,,,,,,,,,,,,,,[],,
170,brake,80,incomplete,0,0,,,,,,,,,,,,,,,,,,,,,,[],,
170,brake,90,incomplete,0,0,,,,,,,,,,,,,,,,,,,,,,[],,
170,brake,100,incomplete,0,0,,,,,,,,,,,,,,,,,,,,,,[],,
175,brake,0,incomplete,0,0,,,,,,,,,,,,,,,,,,,,,,[],,
175,brake,10,incomplete,0,0,,,,,,,,,,,,,,,,,,,,,,[],,
175,brake,20,incomplete,0,0,,,,,,,,,,,,,,,,,,,,,,[],,
175,brake,30,incomplete,0,0,,,,,,,,,,,,,,,,,,,,,,[],,
175,brake,40,incomplete,0,0,,,,,,,,,,,,,,,,,,,,,,[],,
175,brake,50,incomplete,0,0,,,,,,,,,,,,,,,,,,,,,,[],,
175,brake,60,incomplete,0,0,,,,,,,,,,,,,,,,,,,,,,[],,
175,brake,70,incomplete,0,0,,,,,,,,,,,,,,,,,,,,,,[],,
175,brake,80,incomplete,0,0,,,,,,,,,,,,,,,,,,,,,,[],,
175,brake,90,incomplete,0,0,,,,,,,,,,,,,,,,,,,,,,[],,
175,brake,100,incomplete,0,0,,,,,,,,,,,,,,,,,,,,,,[],,
180,brake,0,incomplete,0,0,,,,,,,,,,,,,,,,,,,,,,[],,
180,brake,10,incomplete,0,0,,,,,,,,,,,,,,,,,,,,,,[],,
180,brake,20,incomplete,0,0,,,,,,,,,,,,,,,,,,,,,,[],,
180,brake,30,incomplete,0,0,,,,,,,,,,,,,,,,,,,,,,[],,
180,brake,40,incomplete,0,0,,,,,,,,,,,,,,,,,,,,,,[],,
180,brake,50,incomplete,0,0,,,,,,,,,,,,,,,,,,,,,,[],,
180,brake,60,incomplete,0,0,,,,,,,,,,,,,,,,,,,,,,[],,
180,brake,70,incomplete,0,0,,,,,,,,,,,,,,,,,,,,,,[],,
180,brake,80,incomplete,0,0,,,,,,,,,,,,,,,,,,,,,,[],,
180,brake,90,incomplete,0,0,,,,,,,,,,,,,,,,,,,,,,[],,
180,brake,100,incomplete,0,0,,,,,,,,,,,,,,,,,,,,,,[],,
185,brake,0,incomplete,0,0,,,,,,,,,,,,,,,,,,,,,,[],,
185,brake,10,incomplete,0,0,,,,,,,,,,,,,,,,,,,,,,[],,
185,brake,20,incomplete,0,0,,,,,,,,,,,,,,,,,,,,,,[],,
185,brake,30,incomplete,0,0,,,,,,,,,,,,,,,,,,,,,,[],,
185,brake,40,incomplete,0,0,,,,,,,,,,,,,,,,,,,,,,[],,
185,brake,50,incomplete,0,0,,,,,,,,,,,,,,,,,,,,,,[],,
185,brake,60,incomplete,0,0,,,,,,,,,,,,,,,,,,,,,,[],,
185,brake,70,incomplete,0,0,,,,,,,,,,,,,,,,,,,,,,[],,
185,brake,80,incomplete,0,0,,,,,,,,,,,,,,,,,,,,,,[],,
185,brake,90,incomplete,0,0,,,,,,,,,,,,,,,,,,,,,,[],,
185,brake,100,incomplete,0,0,,,,,,,,,,,,,,,,,,,,,,[],,
